ID,ground_truth_label,mapa_default_label,mapa_optimized_label,paver_default_label,paver_optimized_label,apear_default_cluster,apear_optimized_cluster,enrichplot_default_cluster,enrichplot_optimized_cluster
GO:0006506,37,14,1,2,19,34,32,6,29
GO:0006654,37,14,1,2,19,35,33,2,28
GO:0006656,37,14,1,2,19,36,34,11,30
GO:0006661,37,14,1,2,19,37,35,16,22
GO:0007200,11,14,2,6,24,49,46,6,38
GO:0008286,10,14,2,6,26,62,56,8,47
GO:0031663,9,42,2,6,43,95,86,10,11
GO:0043491,53,14,2,6,26,158,56,16,35
GO:0048015,27,14,2,2,19,206,175,17,27
GO:0031664,17,42,3,6,43,96,87,9,42
GO:0043555,26,27,3,8,15,160,136,6,64
GO:0007030,8,23,4,1,9,43,41,14,4
GO:0007031,8,16,4,1,9,44,42,3,36
GO:0031579,46,23,4,1,9,94,85,15,58
GO:0034389,8,23,4,1,9,123,106,2,49
GO:0002323,31,3,5,5,13,20,19,12,17
GO:0001649,24,34,6,3,6,8,7,6,6
GO:0002062,24,34,6,3,6,17,16,11,15
GO:0002244,24,34,6,3,5,19,18,11,16
GO:0035987,24,34,6,3,6,135,116,5,2
GO:0045444,24,34,6,3,41,168,142,12,65
GO:0045445,24,34,6,3,6,169,143,16,52
GO:0050931,24,34,6,3,6,219,184,9,58
GO:0003407,54,7,7,3,16,25,24,12,22
GO:0021772,54,7,7,3,4,82,75,11,13
GO:0019827,25,5,8,4,37,79,72,16,53
GO:0045494,25,7,8,3,16,171,145,16,70
GO:0090398,26,36,8,4,37,260,213,2,59
GO:0006308,4,23,9,2,18,32,30,13,24
GO:0030574,14,23,9,4,40,87,79,10,50
GO:0042178,14,23,9,2,17,145,70,15,36
GO:0030279,44,5,10,7,38,85,77,15,44
GO:0030857,34,5,10,7,38,88,80,2,56
GO:0045599,34,5,10,4,34,172,146,9,71
GO:0045662,34,5,10,7,38,175,149,13,37
GO:0045665,34,5,10,7,38,177,151,15,58
GO:0045668,34,5,10,7,38,179,77,11,27
GO:1902455,44,5,10,4,37,287,233,6,21
GO:0006270,4,9,11,2,18,27,26,13,23
GO:0006304,4,11,11,2,18,31,27,1,27
GO:0022616,4,23,11,2,18,84,76,1,55
GO:0010640,17,14,12,5,32,70,64,14,49
GO:0030947,17,14,12,5,32,89,81,12,55
GO:0040036,17,14,12,5,32,143,123,1,13
GO:0043567,17,14,12,5,44,161,137,11,66
GO:1900746,17,14,12,5,32,281,81,16,46
GO:2001044,17,14,12,6,26,298,239,14,11
GO:0006984,27,14,13,6,22,42,40,12,35
GO:0030968,27,23,13,6,22,90,40,7,35
GO:0006081,13,8,14,2,17,26,25,9,7
GO:0019748,13,23,14,2,17,77,70,16,52
GO:0042430,13,26,14,2,17,148,60,3,8
GO:0050435,13,23,14,6,55,216,182,6,69
GO:0015701,6,23,15,1,36,74,68,1,6
GO:0019755,6,23,15,1,36,78,71,5,17
GO:0042908,6,23,15,1,36,152,129,14,14
GO:0051180,6,23,15,1,36,221,186,16,4
GO:0072348,6,23,15,1,36,255,186,13,4
GO:0006879,23,15,16,8,20,38,36,10,31
GO:0006882,23,15,16,8,20,39,37,12,32
GO:0006883,23,15,16,8,20,40,38,6,33
GO:0030007,23,15,16,8,20,40,38,4,33
GO:0006896,20,23,17,1,21,41,39,4,34
GO:0008333,20,23,17,1,21,63,57,2,23
GO:0042147,20,23,17,1,21,144,124,11,50
GO:0045056,25,23,17,1,21,167,141,6,69
GO:0048489,6,23,17,1,21,211,39,6,46
GO:0070633,6,23,17,1,21,246,205,1,40
GO:1902774,20,23,17,1,21,243,57,3,73
GO:0000027,22,1,18,1,1,1,1,16,44
GO:0000028,22,1,18,1,1,2,2,1,1
GO:0000388,22,12,18,2,2,3,3,2,2
GO:0006376,22,13,18,2,2,33,31,1,28
GO:0031929,27,14,19,6,26,97,88,14,49
GO:0035329,27,5,19,5,50,129,111,15,65
GO:0007156,52,17,20,1,23,45,43,8,37
GO:0007157,52,17,20,1,23,46,44,16,38
GO:0007158,52,17,20,1,23,47,13,6,37
GO:0016338,52,17,20,1,23,75,69,12,51
GO:0016339,52,17,20,1,23,76,43,2,37
GO:0034113,52,17,20,1,23,120,51,9,14
GO:0044331,52,17,20,1,23,76,43,2,37
GO:0031424,25,22,21,4,10,93,84,17,30
GO:0042461,39,7,21,3,16,149,24,2,1
GO:0060119,39,7,21,3,4,232,195,5,18
GO:0007204,48,42,22,8,25,50,46,5,4
GO:0031340,41,42,22,5,42,92,83,10,29
GO:0032892,41,42,22,5,42,115,100,7,31
GO:0051590,41,42,22,5,42,224,100,1,31
GO:0051954,41,42,22,5,42,115,100,14,31
GO:2000463,18,41,22,5,42,295,13,5,6
GO:0002501,47,4,23,1,1,22,21,3,19
GO:0051131,47,4,23,1,1,220,185,5,5
GO:0001708,32,34,24,3,8,11,10,2,9
GO:0001709,32,34,24,3,8,12,11,9,10
GO:0002360,32,34,24,3,8,21,20,3,18
GO:0002227,31,2,25,6,12,18,17,11,2
GO:0061760,31,2,25,6,12,241,202,9,51
GO:0140367,31,2,25,6,12,272,223,5,17
GO:0140374,31,2,25,6,12,273,224,16,7
GO:0002719,1,5,26,7,14,23,22,11,20
GO:0032480,1,5,26,7,48,102,93,5,9
GO:0032689,1,5,26,7,48,104,95,5,56
GO:0032703,1,5,26,7,14,105,95,12,10
GO:0032715,1,5,26,7,14,106,94,15,59
GO:1900016,1,5,26,7,14,277,226,9,49
GO:0008360,48,14,27,4,30,64,58,17,42
GO:0040014,42,14,27,4,30,141,121,12,20
GO:0042634,42,14,27,4,10,151,128,5,53
GO:0060688,42,14,27,4,30,239,201,10,38
GO:0061036,43,42,27,4,40,100,196,3,12
GO:0061037,44,5,27,4,40,100,91,3,60
GO:0006284,5,10,28,2,18,28,27,14,24
GO:0006289,5,10,28,2,18,29,28,15,25
GO:0006298,5,10,28,2,18,30,29,8,26
GO:0021766,54,7,29,3,4,81,74,8,46
GO:0021854,54,7,29,3,4,83,74,16,1
GO:0090102,54,7,29,3,4,256,195,13,70
GO:0001675,3,39,30,1,7,10,9,8,8
GO:0007288,3,39,30,1,7,60,54,5,11
GO:0051382,47,4,30,1,1,223,187,5,5
GO:0001655,54,34,31,3,4,9,8,7,7
GO:0021510,54,19,31,3,4,80,73,16,54
GO:0048483,54,19,31,3,4,210,179,14,10
GO:0048806,38,34,31,3,4,215,108,9,62
GO:1904888,54,20,31,3,39,289,194,11,40
GO:0001941,46,41,32,1,9,14,13,10,12
GO:0099560,52,17,32,1,23,268,219,13,39
GO:0001541,54,34,33,3,4,5,5,1,4
GO:0001824,54,40,33,3,4,13,12,10,11
GO:0001942,54,34,33,4,10,15,14,4,13
GO:0031018,54,21,33,3,41,91,82,6,57
GO:0060021,54,31,33,3,39,230,193,16,44
GO:0060324,54,32,33,3,39,233,193,9,40
GO:0060612,38,34,33,3,41,238,200,2,14
GO:0001961,18,42,34,5,11,16,15,10,14
GO:0043406,30,42,34,5,52,157,134,1,53
GO:0045745,18,42,34,5,52,183,156,5,62
GO:0045747,18,42,34,5,52,185,158,16,35
GO:0045880,18,42,34,5,27,188,50,2,59
GO:0046628,18,42,34,5,44,199,170,12,48
GO:0050857,18,42,34,5,52,218,183,4,20
GO:0051897,57,42,34,5,52,225,188,14,18
GO:0060391,57,42,34,5,27,234,196,1,52
GO:0070374,30,42,34,5,52,245,188,11,4
GO:1900745,30,42,34,5,52,280,228,8,15
GO:1901798,57,42,34,5,52,285,232,1,34
GO:2001244,57,42,34,5,33,299,232,11,1
GO:0001556,3,34,35,3,4,6,5,4,1
GO:0048240,3,30,35,1,7,208,177,4,12
GO:0001570,24,38,36,3,5,7,6,5,5
GO:0035265,25,24,36,4,30,128,110,12,57
GO:0048534,38,34,36,3,5,213,181,17,43
GO:0008543,10,14,37,6,26,65,59,15,8
GO:0038084,10,14,37,6,26,139,119,17,24
GO:0048008,10,14,37,6,26,202,173,2,56
GO:0048009,10,14,37,6,26,203,56,8,47
GO:0048010,10,14,37,6,26,204,119,17,24
GO:0060396,10,14,37,6,26,237,199,10,28
GO:0008038,39,18,38,3,16,61,55,6,46
GO:0042551,39,34,38,3,16,150,127,2,68
GO:0048663,32,34,38,3,8,214,10,9,9
GO:0009074,36,23,39,2,17,66,60,5,8
GO:0009083,36,23,39,2,17,67,61,10,48
GO:0042219,14,23,39,2,17,146,125,7,67
GO:0043171,14,23,39,2,17,156,133,17,31
GO:0043649,36,23,39,2,17,163,139,15,9
GO:0044273,14,23,39,2,17,164,125,17,67
GO:0170035,36,23,39,2,17,276,61,5,8
GO:0000423,21,23,40,1,3,4,4,3,3
GO:0044804,21,23,40,1,3,166,4,3,3
GO:0061709,21,23,40,1,3,240,4,7,3
GO:0030324,38,20,41,3,39,86,78,10,25
GO:0060037,54,20,41,3,39,231,194,7,7
GO:0002931,7,6,42,8,15,24,23,2,21
GO:0009409,7,6,42,8,31,68,62,10,19
GO:0035902,7,6,42,8,15,134,115,16,24
GO:0071456,26,6,42,8,15,251,208,14,36
GO:0010744,35,14,43,4,34,72,66,13,29
GO:0045600,35,42,43,4,34,173,147,6,12
GO:0045663,35,42,43,4,46,176,150,5,22
GO:0010661,29,42,44,5,33,71,65,13,50
GO:0043525,29,42,44,5,33,159,135,14,67
GO:2000108,29,42,44,5,33,293,236,14,13
GO:2000353,29,42,44,5,33,294,237,17,18
GO:0032098,48,14,45,5,44,98,89,11,59
GO:0043114,48,14,45,5,32,153,130,11,51
GO:0007187,11,14,46,6,24,48,45,7,39
GO:0007212,11,14,46,6,24,51,47,2,40
GO:0007213,11,14,46,6,24,52,45,1,41
GO:0007218,11,14,46,6,24,53,48,5,42
GO:0071875,11,14,46,6,24,254,211,7,57
GO:0007224,9,5,47,5,27,55,50,6,43
GO:0060395,53,5,47,5,27,236,198,1,26
GO:0071526,9,14,47,6,26,252,209,10,17
GO:0007219,9,14,48,6,26,54,49,15,11
GO:0007229,9,14,48,6,26,56,51,14,20
GO:0035590,9,14,48,6,26,133,102,3,26
GO:0038179,9,14,48,6,26,140,120,7,66
GO:0048013,10,14,48,6,26,205,174,1,28
GO:0070098,11,14,48,6,26,244,204,12,39
GO:0010575,2,42,49,5,32,69,63,9,45
GO:0032722,2,42,49,5,11,107,96,4,61
GO:0045907,43,42,49,5,32,189,161,9,39
GO:0048520,43,42,49,5,42,212,180,15,72
GO:0120162,43,42,49,5,58,270,221,2,16
GO:0010984,42,23,50,6,35,73,67,11,16
GO:0034381,25,23,50,6,35,122,67,13,42
GO:0097242,25,23,50,6,55,262,141,14,69
GO:0007249,53,5,51,6,28,57,52,9,22
GO:0038061,53,5,51,6,28,138,52,9,22
GO:0007271,12,41,52,6,29,58,53,11,44
GO:0035249,12,41,52,6,29,127,109,5,19
GO:0051932,12,41,52,6,29,227,190,17,8
GO:0007274,12,41,53,6,29,59,53,13,45
GO:0032228,40,41,54,6,45,99,90,1,56
GO:0099149,48,41,54,6,45,264,216,7,28
GO:0099170,40,41,54,6,45,265,217,5,65
GO:0099171,40,41,54,6,45,266,53,2,19
GO:0099550,40,41,54,6,45,267,218,15,41
GO:0033280,55,6,55,8,31,118,103,5,19
GO:0034698,16,6,55,8,31,125,108,15,19
GO:0043627,16,6,55,8,31,162,138,7,67
GO:0044321,16,6,55,5,44,165,140,9,65
GO:0097066,16,6,55,8,31,261,214,1,25
GO:0040019,43,42,56,4,30,142,122,10,23
GO:0045618,43,42,56,4,46,174,148,6,30
GO:0045666,35,42,56,4,46,178,152,11,45
GO:0045669,35,42,56,4,46,180,153,12,49
GO:1902459,43,42,56,4,37,287,233,14,21
GO:0032467,51,42,57,5,47,101,92,4,55
GO:0045840,51,42,57,5,47,186,159,16,68
GO:0051984,51,42,57,5,47,229,192,12,62
GO:0090267,51,42,57,5,47,258,192,1,68
GO:0033144,56,5,58,7,49,116,101,13,63
GO:0034122,19,5,58,7,49,121,105,11,6
GO:0035331,56,5,58,5,50,130,112,10,15
GO:0043124,56,5,58,7,49,155,132,16,66
GO:0045744,19,5,58,7,49,182,155,13,64
GO:0045746,19,5,58,7,49,184,157,17,54
GO:0045879,19,5,58,7,49,187,160,8,60
GO:0046627,19,5,58,5,44,198,169,17,70
GO:0051898,56,5,58,7,49,226,189,14,20
GO:0060392,56,5,58,7,49,235,197,16,31
GO:0141162,56,5,58,7,49,274,164,16,29
GO:1900102,56,5,58,7,49,279,227,15,53
GO:1901223,56,5,58,7,49,282,229,17,67
GO:0032729,2,42,59,7,48,108,97,4,16
GO:0032733,2,42,59,5,11,109,96,10,62
GO:0032735,2,42,59,5,11,110,96,8,61
GO:0032736,2,42,59,5,11,111,98,11,47
GO:0032740,2,42,59,5,11,112,99,17,23
GO:0032743,2,42,59,5,11,113,97,17,21
GO:0032753,2,42,59,5,11,111,98,13,47
GO:0032755,2,42,59,5,11,107,96,13,61
GO:0032757,2,42,59,5,11,114,96,8,61
GO:1900017,2,42,59,5,11,278,215,6,66
GO:0032682,1,5,60,7,14,103,94,15,48
GO:0034104,44,5,60,7,38,119,104,14,53
GO:0046621,44,5,60,4,30,197,168,9,9
GO:0050805,40,5,60,6,45,217,90,13,33
GO:0120163,44,5,60,5,58,271,222,6,58
GO:1903523,44,5,60,5,32,288,234,1,54
GO:0035459,6,25,61,1,51,132,114,14,58
GO:0048208,47,25,61,1,51,207,176,6,66
GO:0048268,47,25,61,1,51,209,178,9,21
GO:0035458,50,6,62,5,13,131,113,13,44
GO:0071346,50,6,62,5,13,248,207,11,45
GO:0071353,50,6,62,5,13,249,199,15,34
GO:0071354,50,6,62,5,13,250,20,2,51
GO:0097398,50,6,62,5,13,263,215,12,37
GO:0045730,13,28,63,8,53,181,154,7,66
GO:0043123,57,42,64,5,52,154,131,10,5
GO:0046330,30,42,64,5,52,195,166,10,71
GO:1901224,57,42,64,5,52,283,230,5,56
GO:0035094,28,6,65,8,31,126,53,9,64
GO:0042220,55,6,65,8,31,147,126,4,38
GO:0071731,55,6,65,8,31,253,210,12,21
GO:0033198,55,6,66,8,31,117,102,17,26
GO:0045472,55,6,66,8,31,170,144,11,38
GO:0046677,28,6,66,8,53,200,171,2,40
GO:0046685,28,6,66,8,53,201,172,1,1
GO:1902074,28,6,66,8,31,286,172,16,67
GO:0046033,15,23,67,2,54,190,162,9,72
GO:0046037,15,23,67,2,54,191,162,5,72
GO:0046039,15,23,67,2,54,192,163,12,64
GO:0046058,15,23,67,2,54,193,164,6,64
GO:0046068,15,23,67,2,54,194,165,11,56
GO:0036503,28,23,68,6,22,137,118,3,50
GO:0036297,5,10,69,2,18,136,117,9,63
GO:0034605,26,6,70,8,31,124,107,16,25
GO:0071276,49,6,70,8,53,39,37,12,32
GO:0071277,49,6,70,8,53,247,206,14,65
GO:0071280,49,6,70,8,53,39,37,4,32
GO:0071294,49,6,70,8,53,39,37,7,32
GO:0097501,7,6,70,8,53,39,37,7,32
GO:0046597,31,29,71,7,49,196,167,13,31
GO:0032330,33,14,72,4,46,100,91,9,60
GO:1901532,33,14,72,4,46,284,231,2,41
GO:1905207,33,14,72,4,46,291,235,4,45
GO:2000736,33,14,72,4,46,296,231,3,41
GO:2001014,33,14,72,4,46,297,238,9,24
GO:0061909,21,23,73,1,3,242,203,12,60
GO:0090382,8,23,73,1,3,259,212,7,33
GO:0097352,21,23,73,1,3,243,57,8,73
GO:0061952,46,33,74,1,57,243,57,3,73
GO:0090148,46,35,74,1,57,257,57,3,73
GO:0051209,20,6,75,8,25,222,175,3,2
GO:0051965,45,42,76,6,56,228,191,17,10
GO:0150052,45,41,76,6,56,275,225,3,52
GO:1904889,45,41,76,6,56,290,191,14,29
GO:1905606,45,41,76,6,56,292,219,13,39
GO:0120009,46,37,77,1,21,269,220,15,34
