category,subcategory,ID,Description,GeneRatio,BgRatio,RichFactor,FoldEnrichment,zScore,pvalue,p_adjust,qvalue,geneID,Count
Cellular Processes,Transport and catabolism,mcf04144,Endocytosis - Macaca fascicularis (crab-eating macaque),19/150,257/10948,0.07392996108949416,5.395901426718547,8.404790047219349,2.0147573217660433e-9,5.077188450850429e-7,4.1567624743804687e-7,102141861/102118932/102116269/101866416/101865630/101865909/102142022/102130600/101867463/102145146/101866643/101865336/102142497/102127818/101926553/101866335/102128596/102118991/101864879,19
Human Diseases,Infectious disease: bacterial,mcf05132,Salmonella infection - Macaca fascicularis (crab-eating macaque),15/150,261/10948,0.05747126436781609,4.1946360153256705,6.156519500642453,2.7994316215798128e-6,3.527283843190564e-4,2.8878347254191757e-4,123571795/102118932/102143512/101865630/102116823/102140498/102119797/102145146/102135797/101865173/102142497/102128596/102136293/101925816/102118944,15
Organismal Systems,Immune system,mcf04611,Platelet activation - Macaca fascicularis (crab-eating macaque),8/150,125/10948,0.064,4.671146666666667,4.865241916079599,3.1344740688154057e-4,0.019259404993427095,0.01576793391274733,101865389/102119374/101865630/102126878/102118154/102118376/101866246/102119413,8
Environmental Information Processing,Signal transduction,mcf04070,Phosphatidylinositol signaling system - Macaca fascicularis (crab-eating macaque),7/150,96/10948,0.07291666666666667,5.321944444444445,5.012812159617688,3.39129909367309e-4,0.019259404993427095,0.01576793391274733,101865389/102117369/102121085/102136293/102135875/101866246/101865720,7
Cellular Processes,Cell motility,mcf04820,Cytoskeleton in muscle cells - Macaca fascicularis (crab-eating macaque),11/150,235/10948,0.04680851063829787,3.416397163120567,4.413348500143087,3.8213105145688684e-4,0.019259404993427095,0.01576793391274733,102124503/102125390/101865554/101866643/102118376/102132539/101866335/101925252/101865529/102125140/102119413,11
Human Diseases,Infectious disease: bacterial,mcf05100,Bacterial invasion of epithelial cells - Macaca fascicularis (crab-eating macaque),6/150,79/10948,0.0759493670886076,5.543291139240506,4.77651170195269,7.307009496891583e-4,0.0271824349080287,0.022254625070900695,102118932/101865630/102142497/102142777/101866246/101925222,6
Cellular Processes,Transport and catabolism,mcf04140,Autophagy - animal - Macaca fascicularis (crab-eating macaque),9/150,178/10948,0.05056179775280899,3.6903370786516856,4.265111348451554,7.550676363341306e-4,0.0271824349080287,0.022254625070900695,101865389/101926188/102116460/102140498/102114909/102128596/102136293/101866246/101925090,9
Organismal Systems,Immune system,mcf04610,Complement and coagulation cascades - Macaca fascicularis (crab-eating macaque),6/150,87/10948,0.06896551724137931,5.033563218390805,4.4517945609267064,0.0012138490173156163,0.03553524085715806,0.02909317964913526,102119374/102136369/102137207/101866929/102126128/102145559,6
Organismal Systems,Immune system,mcf04660,T cell receptor signaling pathway - Macaca fascicularis (crab-eating macaque),7/150,121/10948,0.05785123966942149,4.2223691460055095,4.2008331682179305,0.0013525128216638543,0.03553524085715806,0.02909317964913526,101865630/102140498/102126878/101925658/102135959/102133910/101866246,7
Environmental Information Processing,Signal transduction,mcf04072,Phospholipase D signaling pathway - Macaca fascicularis (crab-eating macaque),8/150,157/10948,0.050955414012738856,3.7190658174097666,4.0444570438428755,0.0014101286054427802,0.03553524085715806,0.02909317964913526,102118932/101865630/102145146/102126878/101925782/102142777/102135875/101866246,8
Organismal Systems,Excretory system,mcf04960,Aldosterone-regulated sodium reabsorption - Macaca fascicularis (crab-eating macaque),4/150,37/10948,0.10810810810810811,7.890450450450452,4.9480915363134885,0.001573160137876615,0.03603966861317336,0.029506161437685797,102124503/101867463/102135875/101866246,4
Human Diseases,Neurodegenerative disease,mcf05012,Parkinson disease - Macaca fascicularis (crab-eating macaque),12/150,327/10948,0.03669724770642202,2.678409785932722,3.631706153725693,0.0017796742728930178,0.03737315973075338,0.03059790855149399,101866824/102117567/102138253/7857751/101925169/101865389/7857740/102136629/101864929/102143985/101925816/102118944,12
Cellular Processes,Cellular community - eukaryotes,mcf04510,Focal adhesion - Macaca fascicularis (crab-eating macaque),9/150,204/10948,0.04411764705882353,3.22,3.77230314196289,0.001959475781446271,0.03798368437880464,0.031097753292588595,102126233/101865630/102126878/102127552/102118376/102142777/102135875/101866246/102119413,9
Organismal Systems,Immune system,mcf04666,Fc gamma R-mediated phagocytosis - Macaca fascicularis (crab-eating macaque),6/150,99/10948,0.06060606060606061,4.4234343434343435,4.032796178023486,0.0023558193588462464,0.042404748459232436,0.03471733791983942,102118932/102118154/102142497/101864919/102135875/101866246,6
Organismal Systems,Immune system,mcf04664,Fc epsilon RI signaling pathway - Macaca fascicularis (crab-eating macaque),5/150,70/10948,0.07142857142857142,5.213333333333333,4.167943652538898,0.0026729755199181326,0.04279467485163253,0.03503657590192137,102116823/102126878/102118154/102135875/101866246,5
Cellular Processes,Transport and catabolism,mcf04142,Lysosome - Macaca fascicularis (crab-eating macaque),7/150,137/10948,0.051094890510948905,3.7292457420924574,3.7887113442039126,0.0027488774667833154,0.04279467485163253,0.03503657590192137,102143866/102123618/101926423/101866534/101926733/102143290/102121696,7
Cellular Processes,Cellular community - eukaryotes,mcf04530,Tight junction - Macaca fascicularis (crab-eating macaque),8/150,176/10948,0.045454545454545456,3.3175757575757574,3.6531173882214816,0.0028869423511021946,0.04279467485163253,0.03503657590192137,101865630/102126397/101867463/102127552/102142497/101865279/102131561/101925222,8
Environmental Information Processing,Signal transduction,mcf04015,Rap1 signaling pathway - Macaca fascicularis (crab-eating macaque),9/150,221/10948,0.04072398190045249,2.9723076923076923,3.4910268743083854,0.0033577860294933624,0.04700900441290708,0.038486904197701705,101865630/102116823/101925782/102118376/101925108/102135875/102124214/101866246/102119413,9
Human Diseases,Infectious disease: parasitic,mcf05146,Amoebiasis - Macaca fascicularis (crab-eating macaque),6/150,111/10948,0.05405405405405406,3.945225225225226,3.6757586775955926,0.00416511639036914,0.05524259633542228,0.045227856648883735,101867473/102126233/102126397/102127552/102135875/101866246,6
Cellular Processes,Cell motility,mcf04810,Regulation of actin cytoskeleton - Macaca fascicularis (crab-eating macaque),9/150,231/10948,0.03896103896103896,2.8436363636363637,3.3378450129168167,0.004489937934134776,0.05657321797009818,0.046317254478442954,123571795/101865630/101865336/102127552/102142497/101864919/101866246/101926387/102119413,9
Human Diseases,Neurodegenerative disease,mcf05014,Amyotrophic lateral sclerosis - Macaca fascicularis (crab-eating macaque),13/150,426/10948,0.03051643192488263,2.2272926447574335,3.045266530205758,0.005675286356155359,0.06705831550615814,0.054901544858842924,101866824/102117567/7857751/101925169/7857740/101864872/102116823/101867037/102114909/102136293/101925816/102118944/101926677,13
Environmental Information Processing,Signal transduction,mcf04012,ErbB signaling pathway - Macaca fascicularis (crab-eating macaque),5/150,84/10948,0.05952380952380952,4.344444444444444,3.626521676855617,0.00585429738545825,0.06705831550615814,0.054901544858842924,102135959/102142777/102127060/102135875/101866246,5
Genetic Information Processing,"Folding, sorting and degradation",mcf04120,Ubiquitin mediated proteolysis - Macaca fascicularis (crab-eating macaque),7/150,161/10948,0.043478260869565216,3.1733333333333333,3.2742396748617053,0.006645984290388085,0.07281687135555641,0.059616151987005254,102138253/102125306/102136629/102144301/101867463/101866870/102128596,7
Cellular Processes,Cell motility,mcf04814,Motor proteins - Macaca fascicularis (crab-eating macaque),8/150,208/10948,0.038461538461538464,2.8071794871794875,3.1013611492564053,0.007823613641482388,0.08026077955247002,0.06571057975056024,102143512/101866643/101865173/102117909/101866335/101925252/101925816/102118944,8
Organismal Systems,Endocrine system,mcf04935,"Growth hormone synthesis, secretion and action - Macaca fascicularis (crab-eating macaque)",6/150,127/10948,0.047244094488188976,3.4481889763779523,3.2706541819999986,0.007962378923856152,0.08026077955247002,0.06571057975056024,101865389/102116823/102142777/102127060/102135875/101866246,6
Genetic Information Processing,"Folding, sorting and degradation",mcf04130,SNARE interactions in vesicular transport - Macaca fascicularis (crab-eating macaque),3/150,32/10948,0.09375,6.8425,3.900887932134619,0.009348485299147561,0.08725252945871058,0.07143481943988,102145750/102119383/102119811,3
Cellular Processes,Transport and catabolism,mcf04136,Autophagy - other - Macaca fascicularis (crab-eating macaque),3/150,32/10948,0.09375,6.8425,3.900887932134619,0.009348485299147561,0.08725252945871058,0.07143481943988,101926188/102116460/102136293,3
Cellular Processes,Cellular community - eukaryotes,mcf04520,Adherens junction - Macaca fascicularis (crab-eating macaque),5/150,95/10948,0.05263157894736842,3.84140350877193,3.278244494801917,0.009751944999903468,0.0877675049991312,0.07185643684139398,101865630/102140498/102126878/102127552/102133910,5
Cellular Processes,Transport and catabolism,mcf04145,Phagosome - Macaca fascicularis (crab-eating macaque),7/150,176/10948,0.03977272727272727,2.902878787878788,2.999444382758472,0.010595331413444393,0.09204271691377819,0.07535661033876577,102143512/101926423/101865173/101926553/102136293/101925816/102118944,7
Organismal Systems,Development and regeneration,mcf04380,Osteoclast differentiation - Macaca fascicularis (crab-eating macaque),6/150,136/10948,0.04411764705882353,3.22,3.070371577420445,0.010957466299259307,0.09204271691377819,0.07535661033876577,101865389/102140498/102126878/102128596/102124214/101866246,6
Metabolism,Energy metabolism,mcf00190,Oxidative phosphorylation - Macaca fascicularis (crab-eating macaque),7/150,179/10948,0.03910614525139665,2.8542271880819365,2.947971623263375,0.011555036933628795,0.09393126797659537,0.0769027924954582,101926237/101866824/102117567/7857751/101925169/101926423/7857740,7
Human Diseases,Neurodegenerative disease,mcf05020,Prion disease - Macaca fascicularis (crab-eating macaque),10/150,320/10948,0.03125,2.2808333333333333,2.740711769156575,0.012586908315780587,0.09912190298677212,0.08115243519384853,101866824/102117567/7857751/101925169/101865389/7857740/102126878/101925816/102118944/101866246,10
Human Diseases,Infectious disease: bacterial,mcf05135,Yersinia infection - Macaca fascicularis (crab-eating macaque),6/150,142/10948,0.04225352112676056,3.0839436619718312,2.9459080794359274,0.013351080200163429,0.09988068884850546,0.0817736633847413,101865630/102116823/102140498/102142497/102128596/101866246,6
Human Diseases,Cardiovascular disease,mcf05417,Lipid and atherosclerosis - Macaca fascicularis (crab-eating macaque),8/150,229/10948,0.034934497816593885,2.5497525473071323,2.7933444455269956,0.013475965955750735,0.09988068884850546,0.0817736633847413,101865389/101865630/102116823/102140498/102118154/102128596/102135875/101866246,8
Human Diseases,Infectious disease: viral,mcf05170,Human immunodeficiency virus 1 infection - Macaca fascicularis (crab-eating macaque),8/150,231/10948,0.03463203463203463,2.5276767676767675,2.7658102112291223,0.014138440749033348,0.10179677339304011,0.08334238757324922,101865389/102143866/102125306/102116823/102140498/102128596/102135875/101866246,8
Metabolism,Carbohydrate metabolism,mcf00562,Inositol phosphate metabolism - Macaca fascicularis (crab-eating macaque),4/150,72/10948,0.05555555555555555,4.054814814814814,3.065053531180835,0.0169622393293437,0.1187356753054059,0.09721049440208672,102117369/102121085/102136293/101865720,4
Organismal Systems,Digestive system,mcf04973,Carbohydrate digestion and absorption - Macaca fascicularis (crab-eating macaque),3/150,44/10948,0.06818181818181818,4.976363636363636,3.114877971309189,0.022165570841921053,0.1509655095179488,0.12359749317258967,102124503/102145864/101866246,3
Environmental Information Processing,Signal transduction,mcf04150,mTOR signaling pathway - Macaca fascicularis (crab-eating macaque),6/150,161/10948,0.037267080745341616,2.72,2.591269435933497,0.023307052897961783,0.15456256132332552,0.12654244786705016,101926423/102116460/101865630/101866617/102135875/101866246,6
Organismal Systems,Immune system,mcf04650,Natural killer cell mediated cytotoxicity - Macaca fascicularis (crab-eating macaque),5/150,124/10948,0.04032258064516129,2.943010752688172,2.564564828010236,0.0277291839362905,0.17917318851141556,0.1466914993660712,102126878/102133910/102142777/102135875/101866246,5
Human Diseases,Infectious disease: viral,mcf05161,Hepatitis B - Macaca fascicularis (crab-eating macaque),6/150,169/10948,0.03550295857988166,2.5912426035502962,2.457038950934984,0.028689257232366278,0.18074232056390754,0.14797616888273132,102116823/102140498/102128596/102127060/102135875/101866246,6
Human Diseases,Cancer: overview,mcf05235,PD-L1 expression and PD-1 checkpoint pathway in cancer - Macaca fascicularis (crab-eating macaque),4/150,87/10948,0.04597701149425287,3.3557088122605365,2.599967103461545,0.031403298178088054,0.19115555758605932,0.15650162609384974,102116823/102133910/102128596/101866246,4
Organismal Systems,Digestive system,mcf04979,Cholesterol metabolism - Macaca fascicularis (crab-eating macaque),3/150,51/10948,0.058823529411764705,4.293333333333333,2.778361993773263,0.03253440008475343,0.19115555758605932,0.15650162609384974,102123618/101925320/102127818,3
Genetic Information Processing,"Folding, sorting and degradation",mcf04141,Protein processing in endoplasmic reticulum - Macaca fascicularis (crab-eating macaque),6/150,175/10948,0.03428571428571429,2.5024,2.361336044016474,0.03322503751372245,0.19115555758605932,0.15650162609384974,102146299/101865515/101864872/101864826/102128035/102142506,6
Organismal Systems,Immune system,mcf04662,B cell receptor signaling pathway - Macaca fascicularis (crab-eating macaque),4/150,89/10948,0.0449438202247191,3.2802996254681647,2.5457369706569697,0.03374135939545873,0.19115555758605932,0.15650162609384974,102118154/102133910/102145559/101866246,4
Organismal Systems,Environmental adaptation,mcf04714,Thermogenesis - Macaca fascicularis (crab-eating macaque),8/150,273/10948,0.029304029304029304,2.138803418803419,2.2457823842986087,0.034134920997510594,0.19115555758605932,0.15650162609384974,101866824/102117567/7857751/101925169/102116460/7857740/102116823/101865279,8
Human Diseases,Neurodegenerative disease,mcf05010,Alzheimer disease - Macaca fascicularis (crab-eating macaque),11/150,435/10948,0.02528735632183908,1.845639846743295,2.1212324495174033,0.03667051722089237,0.20089065955793212,0.16447188501819002,101866824/102117567/7857751/101925169/101865389/7857740/102143985/102136293/101925816/102118944/101866246,11
Organismal Systems,Excretory system,mcf04961,Endocrine and other factor-regulated calcium reabsorption - Macaca fascicularis (crab-eating macaque),3/150,54/10948,0.05555555555555555,4.054814814814814,2.652220390098175,0.03762789353788737,0.20174955684143867,0.16517507577661647,102124503/102118932/102135875,3
Metabolism,Metabolism of terpenoids and polyketides,mcf00900,Terpenoid backbone biosynthesis - Macaca fascicularis (crab-eating macaque),2/150,23/10948,0.08695652173913043,6.346666666666667,3.025226050001936,0.03909179352968713,0.20523191603085741,0.16802613008374293,102125355/101865967,2
Organismal Systems,Endocrine system,mcf04910,Insulin signaling pathway - Macaca fascicularis (crab-eating macaque),5/150,140/10948,0.03571428571428571,2.6066666666666665,2.2549590543877085,0.043284545805071024,0.22260623556893672,0.18225071917924643,102116460/101865279/102142777/102145864/101866246,5
Cellular Processes,Cellular community - eukaryotes,mcf04540,Gap junction - Macaca fascicularis (crab-eating macaque),4/150,98/10948,0.04081632653061224,2.979047619047619,2.3194015331921234,0.04549198707572571,0.22431064339916051,0.18364614079463434,101865389/101925816/102118944/102135875,4
Environmental Information Processing,Signal transduction,mcf04014,Ras signaling pathway - Macaca fascicularis (crab-eating macaque),7/150,240/10948,0.029166666666666667,2.1287777777777777,2.0839217982090728,0.04702594910209273,0.22431064339916051,0.18364614079463434,102140348/101865630/101925782/102142777/102135875/102124214/101866246,7
Human Diseases,Infectious disease: viral,mcf05162,Measles - Macaca fascicularis (crab-eating macaque),5/150,144/10948,0.034722222222222224,2.5342592592592594,2.1842846723067066,0.04785176596585751,0.22431064339916051,0.18364614079463434,102140498/102144301/102128596/102127060/101866246,5
Human Diseases,Cancer: specific types,mcf05222,Small cell lung cancer - Macaca fascicularis (crab-eating macaque),4/150,100/10948,0.04,2.9194666666666667,2.2726222972424805,0.048376929896646416,0.22431064339916051,0.18364614079463434,102126233/102128596/101866246/102119413,4
Human Diseases,Cardiovascular disease,mcf05415,Diabetic cardiomyopathy - Macaca fascicularis (crab-eating macaque),7/150,242/10948,0.028925619834710745,2.1111845730027547,2.060163999391414,0.048784116001492704,0.22431064339916051,0.18364614079463434,101866824/102117567/7857751/101925169/7857740/102135875/101866246,7
Organismal Systems,Nervous system,mcf04730,Long-term depression - Macaca fascicularis (crab-eating macaque),3/150,60/10948,0.05,3.6493333333333333,2.4252677948979326,0.04895668804346757,0.22431064339916051,0.18364614079463434,101865389/102118154/102135875,3
Organismal Systems,Sensory system,mcf04750,Inflammatory mediator regulation of TRP channels - Macaca fascicularis (crab-eating macaque),4/150,101/10948,0.039603960396039604,2.8905610561056108,2.2496662934915057,0.04985663283544544,0.22435484775950448,0.18368233149900953,101865389/102116823/102135875/101866246,4
Organismal Systems,Aging,mcf04213,Longevity regulating pathway - multiple species - Macaca fascicularis (crab-eating macaque),3/150,61/10948,0.04918032786885246,3.589508196721311,2.390284653185187,0.050989650652206925,0.22542792919923063,0.18456087770697246,102116460/101865279/101866246,3
Organismal Systems,Immune system,mcf04640,Hematopoietic cell lineage - Macaca fascicularis (crab-eating macaque),4/150,104/10948,0.038461538461538464,2.8071794871794875,2.1824521497344493,0.05444417395707118,0.22770498851143933,0.18642513679299128,102126397/102145559/102124214/102119413,4
Organismal Systems,Endocrine system,mcf04929,GnRH secretion - Macaca fascicularis (crab-eating macaque),3/150,63/10948,0.047619047619047616,3.475555555555555,2.3224707984382533,0.055176826923472616,0.22770498851143933,0.18642513679299128,101865389/102135875/101866246,3
Human Diseases,Neurodegenerative disease,mcf05016,Huntington disease - Macaca fascicularis (crab-eating macaque),9/150,355/10948,0.02535211267605634,1.8503661971830987,1.9196948758679913,0.05521194500416265,0.22770498851143933,0.18642513679299128,101866824/102117567/7857751/101925169/101865389/7857740/102136293/101925816/102118944,9
Human Diseases,Cardiovascular disease,mcf05418,Fluid shear stress and atherosclerosis - Macaca fascicularis (crab-eating macaque),5/150,150/10948,0.03333333333333333,2.432888888888889,2.0826102905366732,0.05521999566047878,0.22770498851143933,0.18642513679299128,101865630/102140498/102131561/101866246/102119413,5
Organismal Systems,Digestive system,mcf04972,Pancreatic secretion - Macaca fascicularis (crab-eating macaque),4/150,105/10948,0.0380952380952381,2.780444444444445,2.1605776264125565,0.05602265590360809,0.22770498851143933,0.18642513679299128,102124503/101865389/101865630/102135875,4
Organismal Systems,Immune system,mcf04062,Chemokine signaling pathway - Macaca fascicularis (crab-eating macaque),6/150,200/10948,0.03,2.1896,2.0011223912657203,0.05700412445528828,0.22801649782115313,0.18668017365474526,102141861/101865630/102118154/102142777/102127060/101866246,6
Human Diseases,Cancer: overview,mcf05205,Proteoglycans in cancer - Macaca fascicularis (crab-eating macaque),6/150,207/10948,0.028985507246376812,2.1155555555555554,1.9097457174534163,0.06512103215141311,0.2532784524199233,0.2073624756654343,101865389/101865630/102133910/102135875/101866246/101925222,6
Human Diseases,Cancer: overview,mcf05206,MicroRNAs in cancer - Macaca fascicularis (crab-eating macaque),5/150,158/10948,0.03164556962025317,2.309704641350211,1.9543966732450844,0.06601171955816633,0.2532784524199233,0.2073624756654343,102116460/101865630/102142777/102135875/101866246,5
Human Diseases,Cancer: specific types,mcf05221,Acute myeloid leukemia - Macaca fascicularis (crab-eating macaque),3/150,68/10948,0.04411764705882353,3.22,2.1642853021592217,0.06633483277664658,0.2532784524199233,0.2073624756654343,102127060/102124214/101866246,3
Organismal Systems,Nervous system,mcf04725,Cholinergic synapse - Macaca fascicularis (crab-eating macaque),4/150,112/10948,0.03571428571428571,2.6066666666666665,2.014289197637195,0.06775488583733734,0.2548392721046121,0.20864033973477011,101865389/102126878/102135875/101866246,4
Organismal Systems,Immune system,mcf04620,Toll-like receptor signaling pathway - Macaca fascicularis (crab-eating macaque),4/150,113/10948,0.035398230088495575,2.583598820058997,1.9943044595676003,0.06952739121035029,0.25583647330374126,0.2094567617691449,102116823/102140498/102128596/101866246,4
Organismal Systems,Nervous system,mcf04723,Retrograde endocannabinoid signaling - Macaca fascicularis (crab-eating macaque),5/150,161/10948,0.031055900621118012,2.2666666666666666,1.9082991970052885,0.07034253119780443,0.25583647330374126,0.2094567617691449,101866824/7857751/101925169/101865389/102135875,5
Organismal Systems,Endocrine system,mcf04917,Prolactin signaling pathway - Macaca fascicularis (crab-eating macaque),3/150,70/10948,0.04285714285714286,3.128,2.1050753384342027,0.07106568702881702,0.25583647330374126,0.2094567617691449,102142777/102127060/101866246,3
Human Diseases,Cancer: specific types,mcf05223,Non-small cell lung cancer - Macaca fascicularis (crab-eating macaque),3/150,71/10948,0.04225352112676056,3.0839436619718312,2.0762617872422933,0.07348676769662034,0.25766507108783704,0.210953859370159,102127060/102135875/101866246,3
Organismal Systems,Immune system,mcf04613,Neutrophil extracellular trap formation - Macaca fascicularis (crab-eating macaque),6/150,214/10948,0.028037383177570093,2.0463551401869156,1.8219092059922684,0.07388476396117466,0.25766507108783704,0.210953859370159,101926188/102119374/102140498/102135875/101866246/102119413,6
Human Diseases,Infectious disease: parasitic,mcf05145,Toxoplasmosis - Macaca fascicularis (crab-eating macaque),4/150,116/10948,0.034482758620689655,2.5167816091954025,1.9356162086994513,0.07498726267606709,0.25766507108783704,0.210953859370159,102126233/102116823/102140498/102128596,4
Metabolism,Carbohydrate metabolism,mcf00500,Starch and sucrose metabolism - Macaca fascicularis (crab-eating macaque),2/150,34/10948,0.058823529411764705,4.293333333333333,2.2667556174530303,0.078688628344915093,0.25766507108783704,0.210953859370159,101865269/102145864,2
Organismal Systems,Immune system,mcf04670,Leukocyte transendothelial migration - Macaca fascicularis (crab-eating macaque),4/150,119/10948,0.03361344537815126,2.453333333333333,1.8787373326847783,0.08065802648060474,0.25766507108783704,0.210953859370159,101865630/102127552/102135875/101866246,4
Metabolism,Carbohydrate metabolism,mcf00052,Galactose metabolism - Macaca fascicularis (crab-eating macaque),2/150,35/10948,0.05714285714285714,4.1706666666666665,2.21428775530437,0.08273195519961506,0.25766507108783704,0.210953859370159,101865269/102145864,2
Organismal Systems,Endocrine system,mcf04918,Thyroid hormone synthesis - Macaca fascicularis (crab-eating macaque),3/150,75/10948,0.04,2.9194666666666667,1.9658846845656446,0.08353156213890263,0.25766507108783704,0.210953859370159,102124503/101865389/102135875,3
Environmental Information Processing,Signal transduction,mcf04071,Sphingolipid signaling pathway - Macaca fascicularis (crab-eating macaque),4/150,121/10948,0.03305785123966942,2.4127823691460057,1.8417700663311591,0.08455387147193007,0.25766507108783704,0.210953859370159,101865630/102126878/102135875/101866246,4
Environmental Information Processing,Signal transduction,mcf04668,TNF signaling pathway - Macaca fascicularis (crab-eating macaque),4/150,121/10948,0.03305785123966942,2.4127823691460057,1.8417700663311591,0.08455387147193007,0.25766507108783704,0.210953859370159,102116823/102140498/101925205/101866246,4
Human Diseases,Cancer: overview,mcf05203,Viral carcinogenesis - Macaca fascicularis (crab-eating macaque),6/150,222/10948,0.02702702702702703,1.972612612612613,1.7255160966736716,0.08468911821584806,0.25766507108783704,0.210953859370159,101865630/102118154/102127552/101864919/102127060/101866246,6
Human Diseases,Cancer: specific types,mcf05214,Glioma - Macaca fascicularis (crab-eating macaque),3/150,76/10948,0.039473684210526314,2.8810526315789473,1.939431961799365,0.08613054016633832,0.25766507108783704,0.210953859370159,102142777/102135875/101866246,3
Environmental Information Processing,Signal transduction,mcf04152,AMPK signaling pathway - Macaca fascicularis (crab-eating macaque),4/150,122/10948,0.03278688524590164,2.3930054644808743,1.8235608133486725,0.08653595149509595,0.25766507108783704,0.210953859370159,102116460/102140498/101865279/101866246,4
Metabolism,Carbohydrate metabolism,mcf00040,Pentose and glucuronate interconversions - Macaca fascicularis (crab-eating macaque),2/150,36/10948,0.05555555555555555,4.054814814814814,2.1637420581731965,0.0868377558250959,0.25766507108783704,0.210953859370159,102117312/101865269,2
Organismal Systems,Nervous system,mcf04722,Neurotrophin signaling pathway - Macaca fascicularis (crab-eating macaque),4/150,123/10948,0.032520325203252036,2.3735501355013553,1.8055297397493493,0.0885405956112559,0.25766507108783704,0.210953859370159,101865630/102142777/102128596/101866246,4
Organismal Systems,Endocrine system,mcf04919,Thyroid hormone signaling pathway - Macaca fascicularis (crab-eating macaque),4/150,123/10948,0.032520325203252036,2.3735501355013553,1.8055297397493493,0.0885405956112559,0.25766507108783704,0.210953859370159,102124503/101925549/102135875/101866246,4
Human Diseases,Cancer: specific types,mcf05220,Chronic myeloid leukemia - Macaca fascicularis (crab-eating macaque),3/150,77/10948,0.03896103896103896,2.8436363636363637,1.913407214868714,0.08876367038699293,0.25766507108783704,0.210953859370159,102142777/102127060/101866246,3
Human Diseases,Infectious disease: viral,mcf05169,Epstein-Barr virus infection - Macaca fascicularis (crab-eating macaque),6/150,225/10948,0.02666666666666667,1.946311111111111,1.6903964518268313,0.08895579835175327,0.25766507108783704,0.210953859370159,102116823/102140498/102118154/102128596/102145559/101866246,6
Organismal Systems,Digestive system,mcf04971,Gastric acid secretion - Macaca fascicularis (crab-eating macaque),3/150,79/10948,0.0379746835443038,2.771645569620253,1.8625893731341203,0.09413041938275585,0.26955529186880084,0.22068854305048025,102124503/101865389/102135875,3
Human Diseases,Drug resistance: antineoplastic,mcf01521,EGFR tyrosine kinase inhibitor resistance - Macaca fascicularis (crab-eating macaque),3/150,80/10948,0.0375,2.737,1.8377715500643776,0.09686304075976673,0.27426389069057544,0.22454353623789805,102142777/102135875/101866246,3
Human Diseases,Infectious disease: parasitic,mcf05140,Leishmaniasis - Macaca fascicularis (crab-eating macaque),3/150,81/10948,0.037037037037037035,2.7032098765432098,1.813332184065777,0.09962782033215828,0.27895789693004314,0.22838658228190672,102140498/102133910/102128596,3
Organismal Systems,Development and regeneration,mcf04360,Axon guidance - Macaca fascicularis (crab-eating macaque),5/150,181/10948,0.027624309392265192,2.016206261510129,1.6247828430175149,0.10307769528154226,0.28136650256906276,0.23035854011502216,101865630/102126878/102135959/102135875/101866246,5
Metabolism,Carbohydrate metabolism,mcf00520,Amino sugar and nucleotide sugar metabolism - Macaca fascicularis (crab-eating macaque),2/150,40/10948,0.05,3.6493333333333333,1.9784066436404064,0.10383763785286841,0.28136650256906276,0.23035854011502216,101865269/102145864,2
Metabolism,Metabolism of cofactors and vitamins,mcf00760,Nicotinate and nicotinamide metabolism - Macaca fascicularis (crab-eating macaque),2/150,40/10948,0.05,3.6493333333333333,1.9784066436404064,0.10383763785286841,0.28136650256906276,0.23035854011502216,102114976/102121701,2
Human Diseases,Infectious disease: bacterial,mcf05133,Pertussis - Macaca fascicularis (crab-eating macaque),3/150,84/10948,0.03571428571428571,2.6066666666666665,1.742176194263529,0.10810998565586943,0.28982677005616064,0.23728507489978062,101865630/102137207/102128596,3
Metabolism,Global and overview maps,mcf01250,Biosynthesis of nucleotide sugars - Macaca fascicularis (crab-eating macaque),2/150,42/10948,0.047619047619047616,3.475555555555555,1.8944628906252448,0.11265143030004672,0.2988227414274923,0.2446501976599353,101865269/102145864,2
Cellular Processes,Transport and catabolism,mcf04146,Peroxisome - Macaca fascicularis (crab-eating macaque),3/150,87/10948,0.034482758620689655,2.5167816091954025,1.6740533747289643,0.11686298466697131,0.3052186224652022,0.24988659149197842,101867473/102144566/102125355,3
Organismal Systems,Aging,mcf04211,Longevity regulating pathway - Macaca fascicularis (crab-eating macaque),3/150,88/10948,0.03409090909090909,2.488181818181818,1.6519768030965714,0.11983838531053222,0.3052186224652022,0.24988659149197842,102116460/101865279/101866246,3
Human Diseases,Cardiovascular disease,mcf05416,Viral myocarditis - Macaca fascicularis (crab-eating macaque),3/150,88/10948,0.03409090909090909,2.488181818181818,1.6519768030965714,0.11983838531053222,0.3052186224652022,0.24988659149197842,101864874/102126878/102132808,3
Human Diseases,Infectious disease: bacterial,mcf05152,Tuberculosis - Macaca fascicularis (crab-eating macaque),5/150,190/10948,0.02631578947368421,1.920701754385965,1.5088689730176694,0.11990731596847229,0.3052186224652022,0.24988659149197842,101926423/101865630/101926553/102128596/102136293,5
Organismal Systems,Digestive system,mcf04970,Salivary secretion - Macaca fascicularis (crab-eating macaque),3/150,89/10948,0.033707865168539325,2.4602247191011237,1.630201580250541,0.1228417699354766,0.30956126023740105,0.2534419674458254,102124503/101865389/102135875,3
Organismal Systems,Excretory system,mcf04962,Vasopressin-regulated water reabsorption - Macaca fascicularis (crab-eating macaque),2/150,45/10948,0.044444444444444446,3.243851851851852,1.7776610529821348,0.12621561450121158,0.31491420647827045,0.25782449653191736,102143512/101865173,2
Human Diseases,Endocrine and metabolic disease,mcf04932,Non-alcoholic fatty liver disease - Macaca fascicularis (crab-eating macaque),5/150,195/10948,0.02564102564102564,1.8714529914529916,1.4471647479530212,0.12978468261359302,0.3197184405480545,0.2617577875832025,101866824/101925169/7857740/101865279/101866246,5
Cellular Processes,Cell growth and death,mcf04210,Apoptosis - Macaca fascicularis (crab-eating macaque),4/150,142/10948,0.028169014084507043,2.055962441314554,1.4927314707279646,0.13067856895416513,0.3197184405480545,0.2617577875832025,102116769/101865389/101865529/101866246,4
Organismal Systems,Immune system,mcf04621,NOD-like receptor signaling pathway - Macaca fascicularis (crab-eating macaque),5/150,197/10948,0.025380710659898477,1.8524534686971235,1.4229868654040063,0.133837112851123,0.32429761960079806,0.2655068230649809,101865389/101865630/102140498/101925205/102128596,5
Human Diseases,Endocrine and metabolic disease,mcf04930,Type II diabetes mellitus - Macaca fascicularis (crab-eating macaque),2/150,47/10948,0.0425531914893617,3.1058156028368793,1.7051305101922476,0.13546364674281144,0.32511275218274743,0.2661741830735944,102145864/101866246,2
Organismal Systems,Endocrine system,mcf04912,GnRH signaling pathway - Macaca fascicularis (crab-eating macaque),3/150,95/10948,0.031578947368421054,2.304842105263158,1.5054501885983416,0.14141983359869376,0.33306353333524136,0.2726835945434725,101865389/102116823/102135875,3
Human Diseases,Cancer: specific types,mcf05210,Colorectal cancer - Macaca fascicularis (crab-eating macaque),3/150,95/10948,0.031578947368421054,2.304842105263158,1.5054501885983416,0.14141983359869376,0.33306353333524136,0.2726835945434725,101865630/101925782/101866246,3
Genetic Information Processing,"Folding, sorting and degradation",mcf03050,Proteasome - Macaca fascicularis (crab-eating macaque),2/150,49/10948,0.04081632653061224,2.979047619047619,1.6363736775009559,0.1448578408984579,0.33627698218461954,0.2753144883382851,102119492/102142733,2
Human Diseases,Endocrine and metabolic disease,mcf04936,Alcoholic liver disease - Macaca fascicularis (crab-eating macaque),4/150,148/10948,0.02702702702702703,1.972612612612613,1.4040429852005536,0.14545313911953783,0.33627698218461954,0.2753144883382851,102116823/102140498/101865279/102128596,4
Human Diseases,Drug resistance: antineoplastic,mcf01522,Endocrine resistance - Macaca fascicularis (crab-eating macaque),3/150,97/10948,0.030927835051546393,2.2573195876288663,1.4659467460325373,0.14781213415538433,0.3386241618832441,0.2772361559278022,101925549/102142777/101866246,3
Genetic Information Processing,Information processing in viruses,mcf03265,"Virion - Ebolavirus, Lyssavirus and Morbillivirus - Macaca fascicularis (crab-eating macaque)",1/150,12/10948,0.08333333333333333,6.082222222222222,2.0760439823074632,0.1526437887290747,0.34428895360203376,0.2818739971010803,102123618,1
Human Diseases,Neurodegenerative disease,mcf05017,Spinocerebellar ataxia - Macaca fascicularis (crab-eating macaque),4/150,151/10948,0.026490066225165563,1.933421633554084,1.3612450456002185,0.15307679656539808,0.34428895360203376,0.2818739971010803,101865389/102136293/102135875/101866246,4
Metabolism,Amino acid metabolism,mcf00280,"Valine, leucine and isoleucine degradation - Macaca fascicularis (crab-eating macaque)",2/150,51/10948,0.0392156862745098,2.862222222222222,1.5710306010674728,0.1543835387183723,0.34428895360203376,0.2818739971010803,101926022/102142372,2
Organismal Systems,Immune system,mcf04657,IL-17 signaling pathway - Macaca fascicularis (crab-eating macaque),3/150,100/10948,0.03,2.1896,1.4084701400387198,0.15757296717618202,0.34831919059998134,0.285173606339166,102140498/101866870/102128596,3
Human Diseases,Endocrine and metabolic disease,mcf04933,AGE-RAGE signaling pathway in diabetic complications - Macaca fascicularis (crab-eating macaque),3/150,101/10948,0.0297029702970297,2.1679207920792076,1.3897631239801234,0.16087040598253122,0.35080592795557375,0.2872095316595341,102127060/102135875/101866246,3
Organismal Systems,Endocrine system,mcf04925,Aldosterone synthesis and secretion - Macaca fascicularis (crab-eating macaque),3/150,102/10948,0.029411764705882353,2.1466666666666665,1.3712732391310574,0.1641888696065295,0.35080592795557375,0.2872095316595341,102124503/101865389/102135875,3
Human Diseases,Cancer: overview,mcf05208,Chemical carcinogenesis - reactive oxygen species - Macaca fascicularis (crab-eating macaque),6/150,269/10948,0.022304832713754646,1.6279553903345725,1.2290262717614144,0.16419587545584113,0.35080592795557375,0.2872095316595341,101866824/102117567/7857751/101925169/7857740/101866246,6
Genetic Information Processing,Replication and repair,mcf03450,Non-homologous end-joining - Macaca fascicularis (crab-eating macaque),1/150,13/10948,0.07692307692307693,5.614358974358975,1.9619827601520017,0.1642662678522131,0.35080592795557375,0.2872095316595341,101866663,1
Human Diseases,Cardiovascular disease,mcf05410,Hypertrophic cardiomyopathy - Macaca fascicularis (crab-eating macaque),3/150,103/10948,0.02912621359223301,2.1258252427184465,1.3529954719641342,0.16752782656387968,0.35476480919409814,0.29045072097762425,101865279/101925252/102119413,3
Organismal Systems,Endocrine system,mcf04921,Oxytocin signaling pathway - Macaca fascicularis (crab-eating macaque),4/150,159/10948,0.025157232704402517,1.8361425576519916,1.2517275793430653,0.17411733158269718,0.3656463963236641,0.29935962272112854,101865389/101865630/101865279/102135875,4
Organismal Systems,Circulatory system,mcf04260,Cardiac muscle contraction - Macaca fascicularis (crab-eating macaque),3/150,106/10948,0.02830188679245283,2.0656603773584905,1.299387176967836,0.17766236715903236,0.3669747256071816,0.3004471437719616,102124503/7857740/101925252,3
Organismal Systems,Immune system,mcf04625,C-type lectin receptor signaling pathway - Macaca fascicularis (crab-eating macaque),3/150,106/10948,0.02830188679245283,2.0656603773584905,1.299387176967836,0.17766236715903236,0.3669747256071816,0.3004471437719616,101865389/101865630/101866246,3
Metabolism,Global and overview maps,mcf01212,Fatty acid metabolism - Macaca fascicularis (crab-eating macaque),2/150,57/10948,0.03508771929824561,2.5609356725146197,1.392547704113154,0.18361311714569556,0.3759591732683596,0.3078028319156161,102142372/102127446,2
Environmental Information Processing,Signal transduction,mcf04022,cGMP-PKG signaling pathway - Macaca fascicularis (crab-eating macaque),4/150,163/10948,0.024539877300613498,1.7910838445807773,1.1992998240883623,0.1849957836717325,0.3759591732683596,0.3078028319156161,102124503/101865389/101865630/102139503,4
Environmental Information Processing,Signal transduction,mcf04370,VEGF signaling pathway - Macaca fascicularis (crab-eating macaque),2/150,58/10948,0.034482758620689655,2.5167816091954025,1.3650376753251021,0.18856309652790088,0.38014320260024814,0.3112283530060512,102135875/101866246,2
Environmental Information Processing,Signal transduction,mcf04064,NF-kappa B signaling pathway - Macaca fascicularis (crab-eating macaque),3/150,111/10948,0.02702702702702703,1.972612612612613,1.2138593748722017,0.19491405956149768,0.38982811912299536,0.31915752442818335,102140498/102118154/102128596,3
Organismal Systems,Endocrine system,mcf04928,"Parathyroid hormone synthesis, secretion and action - Macaca fascicularis (crab-eating macaque)",3/150,114/10948,0.02631578947368421,1.920701754385965,1.1646582508822934,0.20545880992538412,0.4076820480409197,0.33377477617385237,101865389/101865630/102135875,3
Human Diseases,Infectious disease: viral,mcf05171,Coronavirus disease - COVID-19 - Macaca fascicularis (crab-eating macaque),9/150,478/10948,0.01882845188284519,1.3742259414225941,0.9860433853286726,0.20909459885607204,0.4116549914978918,0.3370274784193267,102119374/102136369/102140498/102137207/102128596/102126128/102135875/102132820/101866246,9
Organismal Systems,Nervous system,mcf04724,Glutamatergic synapse - Macaca fascicularis (crab-eating macaque),3/150,116/10948,0.02586206896551724,1.8875862068965517,1.1326787180643498,0.21256090363952976,0.4126158866052227,0.3378141761680187,101865389/102141861/102135875,3
Environmental Information Processing,Signal transduction,mcf04310,Wnt signaling pathway - Macaca fascicularis (crab-eating macaque),4/150,174/10948,0.022988505747126436,1.6778544061302683,1.062292435465031,0.21598393990464343,0.4126158866052227,0.3378141761680187,101865630/102140498/101867292/102135875,4
Genetic Information Processing,Translation,mcf03013,Nucleocytoplasmic transport - Macaca fascicularis (crab-eating macaque),3/150,117/10948,0.02564102564102564,1.8714529914529916,1.1169253425673635,0.21613213107892618,0.4126158866052227,0.3378141761680187,102145337/102119797/101867037,3
Environmental Information Processing,Signal transduction,mcf04066,HIF-1 signaling pathway - Macaca fascicularis (crab-eating macaque),3/150,117/10948,0.02564102564102564,1.8714529914529916,1.1169253425673635,0.21613213107892618,0.4126158866052227,0.3378141761680187,102145864/102135875/101866246,3
Metabolism,Lipid metabolism,mcf00061,Fatty acid biosynthesis - Macaca fascicularis (crab-eating macaque),1/150,18/10948,0.05555555555555555,4.054814814814814,1.528736330374884,0.22004559238268695,0.4138170841823665,0.3387976127808848,102127446,1
Organismal Systems,Digestive system,mcf04980,Cobalamin transport and metabolism - Macaca fascicularis (crab-eating macaque),1/150,18/10948,0.05555555555555555,4.054814814814814,1.528736330374884,0.22004559238268695,0.4138170841823665,0.3387976127808848,101867473,1
Organismal Systems,Nervous system,mcf04720,Long-term potentiation - Macaca fascicularis (crab-eating macaque),2/150,69/10948,0.028985507246376812,2.1155555555555554,1.0955766999253087,0.24393084670997445,0.45533758052528567,0.3727910015996491,101865389/102135875,2
Metabolism,Glycan biosynthesis and metabolism,mcf00531,Glycosaminoglycan degradation - Macaca fascicularis (crab-eating macaque),1/150,21/10948,0.047619047619047616,3.475555555555555,1.3382996977989146,0.25172134929569623,0.46642485310673126,0.38186830078913675,102121696,1
Organismal Systems,Excretory system,mcf04964,Proximal tubule bicarbonate reclamation - Macaca fascicularis (crab-eating macaque),1/150,22/10948,0.045454545454545456,3.3175757575757574,1.2824374996889487,0.2619933175949224,0.4812624074450282,0.3940160060953447,102124503,1
Organismal Systems,Endocrine system,mcf04926,Relaxin signaling pathway - Macaca fascicularis (crab-eating macaque),3/150,130/10948,0.023076923076923078,1.6843076923076923,0.9250626290044286,0.2635484612198964,0.4812624074450282,0.3940160060953447,102142777/102135875/101866246,3
Metabolism,Glycan biosynthesis and metabolism,mcf00541,Biosynthesis of various nucleotide sugars - Macaca fascicularis (crab-eating macaque),1/150,23/10948,0.043478260869565216,3.1733333333333333,1.2297053519957994,0.2721252050524331,0.49334929261304417,0.4039117015545391,101865269,1
Organismal Systems,Immune system,mcf04622,RIG-I-like receptor signaling pathway - Macaca fascicularis (crab-eating macaque),2/150,76/10948,0.02631578947368421,1.920701754385965,0.9492761551504446,0.2795588628619916,0.5006617264181981,0.40989848946519136,102140498/102128596,2
Human Diseases,Cancer: overview,mcf05207,Chemical carcinogenesis - receptor activation - Macaca fascicularis (crab-eating macaque),4/150,196/10948,0.02040816326530612,1.4895238095238095,0.8150396837154146,0.2815473871543803,0.5006617264181981,0.40989848946519136,102119797/102127060/102135875/101866246,4
Organismal Systems,Endocrine system,mcf04614,Renin-angiotensin system - Macaca fascicularis (crab-eating macaque),1/150,24/10948,0.041666666666666664,3.041111111111111,1.1797852141222567,0.28211890933088934,0.5006617264181981,0.40989848946519136,102134210,1
Human Diseases,Cancer: overview,mcf05230,Central carbon metabolism in cancer - Macaca fascicularis (crab-eating macaque),2/150,77/10948,0.025974025974025976,1.8957575757575758,0.9296567598869031,0.28464673466132484,0.5016152247178591,0.41067913134795486,102145864/101866246,2
Organismal Systems,Circulatory system,mcf04270,Vascular smooth muscle contraction - Macaca fascicularis (crab-eating macaque),3/150,137/10948,0.021897810218978103,1.598248175182482,0.830482067996343,0.2896173393129878,0.5068303437977286,0.4149488194835205,101865389/101865630/102135875,3
Genetic Information Processing,"Folding, sorting and degradation",mcf03018,RNA degradation - Macaca fascicularis (crab-eating macaque),2/150,79/10948,0.02531645569620253,1.8477637130801687,0.8912819301945971,0.2948119176714744,0.5123627810566314,0.419478300280283,101866511/102137519,2
Metabolism,Carbohydrate metabolism,mcf00650,Butanoate metabolism - Macaca fascicularis (crab-eating macaque),1/150,26/10948,0.038461538461538464,2.8071794871794875,1.0873225707802752,0.3016992316620819,0.5207411395811277,0.4263377750956601,102142372,1
Organismal Systems,Endocrine system,mcf04915,Estrogen signaling pathway - Macaca fascicularis (crab-eating macaque),3/150,142/10948,0.02112676056338028,1.5419718309859156,0.7661431663739829,0.3083604919566206,0.5243303531320407,0.42927631250576426,101865389/102142777/101866246,3
Organismal Systems,Nervous system,mcf04721,Synaptic vesicle cycle - Macaca fascicularis (crab-eating macaque),2/150,82/10948,0.024390243902439025,1.7801626016260166,0.8357545135374689,0.3100207246693415,0.5243303531320407,0.42927631250576426,102118932/101926423,2
Human Diseases,Cancer: specific types,mcf05212,Pancreatic cancer - Macaca fascicularis (crab-eating macaque),2/150,82/10948,0.024390243902439025,1.7801626016260166,0.8357545135374689,0.3100207246693415,0.5243303531320407,0.42927631250576426,101925782/101866246,2
Environmental Information Processing,Signal transduction,mcf04371,Apelin signaling pathway - Macaca fascicularis (crab-eating macaque),3/150,143/10948,0.02097902097902098,1.5311888111888112,0.7535742998710117,0.312116166616102,0.5243551599150513,0.4292966221526736,101865389/101865279/102136293,3
Organismal Systems,Endocrine system,mcf04911,Insulin secretion - Macaca fascicularis (crab-eating macaque),2/150,85/10948,0.023529411764705882,1.7173333333333334,0.7824869663494328,0.32516390888595825,0.5426576492666323,0.44428111635864637,102124503/102135875,2
Metabolism,Global and overview maps,mcf01240,Biosynthesis of cofactors - Macaca fascicularis (crab-eating macaque),3/150,148/10948,0.02027027027027027,1.4794594594594594,0.6921375293847116,0.33090890327453226,0.5486121291130404,0.4491561290983956,102121701/101865269/102127446,3
Metabolism,Lipid metabolism,mcf00062,Fatty acid elongation - Macaca fascicularis (crab-eating macaque),1/150,30/10948,0.03333333333333333,2.432888888888889,0.9262391302156742,0.33928238242948927,0.5567267106581048,0.45579964615283436,102142372,1
Human Diseases,Cardiovascular disease,mcf05412,Arrhythmogenic right ventricular cardiomyopathy - Macaca fascicularis (crab-eating macaque),2/150,88/10948,0.022727272727272728,1.6587878787878787,0.7312965933479834,0.34022187873550847,0.5567267106581048,0.45579964615283436,102125390/102119413,2
Environmental Information Processing,Signaling molecules and interaction,mcf04512,ECM-receptor interaction - Macaca fascicularis (crab-eating macaque),2/150,89/10948,0.02247191011235955,1.6401498127340823,0.7146661898441121,0.345219122615969,0.5612594767691883,0.459510682735008,102126233/102119413,2
Metabolism,Metabolism of other amino acids,mcf00410,beta-Alanine metabolism - Macaca fascicularis (crab-eating macaque),1/150,32/10948,0.03125,2.2808333333333333,0.8551796821695777,0.35731339733459533,0.5735221409447008,0.4695502908319188,102142372,1
Genetic Information Processing,"Folding, sorting and degradation",mcf03060,Protein export - Macaca fascicularis (crab-eating macaque),1/150,32/10948,0.03125,2.2808333333333333,0.8551796821695777,0.35731339733459533,0.5735221409447008,0.4695502908319188,102146177,1
Human Diseases,Substance dependence,mcf05032,Morphine addiction - Macaca fascicularis (crab-eating macaque),2/150,93/10948,0.021505376344086023,1.5696057347670254,0.6501632841575643,0.36508118421400293,0.5767208182130177,0.4721690909346344,102141861/102135875,2
Organismal Systems,Environmental adaptation,mcf04710,Circadian rhythm - Macaca fascicularis (crab-eating macaque),1/150,33/10948,0.030303030303030304,2.2117171717171717,0.8216141107450217,0.36614474493443105,0.5767208182130177,0.4721690909346344,101865279,1
Organismal Systems,Circulatory system,mcf04261,Adrenergic signaling in cardiomyocytes - Macaca fascicularis (crab-eating macaque),3/150,158/10948,0.0189873417721519,1.3858227848101266,0.5757410818348276,0.3684246311234213,0.5767208182130177,0.4721690909346344,102124503/101925252/102135875,3
Human Diseases,Infectious disease: viral,mcf05167,Kaposi sarcoma-associated herpesvirus infection - Macaca fascicularis (crab-eating macaque),4/150,224/10948,0.017857142857142856,1.3033333333333332,0.5406139787243183,0.36846052274720575,0.5767208182130177,0.4721690909346344,101865389/102118154/102136293/101866246,4
Organismal Systems,Endocrine system,mcf04914,Progesterone-mediated oocyte maturation - Macaca fascicularis (crab-eating macaque),2/150,96/10948,0.020833333333333332,1.5205555555555554,0.6037669507759849,0.3798285557132093,0.5891996732179853,0.48238569737145,101866870/101866246,2
Environmental Information Processing,Signal transduction,mcf04010,MAPK signaling pathway - Macaca fascicularis (crab-eating macaque),5/150,296/10948,0.016891891891891893,1.232882882882883,0.47872859845550725,0.3821851515261564,0.5891996732179853,0.48238569737145,102116823/102140498/102128596/102135875/102124214,5
Metabolism,Glycan biosynthesis and metabolism,mcf00512,Mucin type O-glycan biosynthesis - Macaca fascicularis (crab-eating macaque),1/150,35/10948,0.02857142857142857,2.0853333333333333,0.7579605688888802,0.38344740637995867,0.5891996732179853,0.48238569737145,102130237,1
Metabolism,Carbohydrate metabolism,mcf00640,Propanoate metabolism - Macaca fascicularis (crab-eating macaque),1/150,36/10948,0.027777777777777776,2.027407407407407,0.727718291630995,0.3919219678243836,0.5961515762720195,0.4880773139069167,102142372,1
Genetic Information Processing,Translation,mcf03015,mRNA surveillance pathway - Macaca fascicularis (crab-eating macaque),2/150,99/10948,0.020202020202020204,1.4744781144781145,0.5589339051566444,0.3944324526346239,0.5961515762720195,0.4880773139069167,101866893/101926677,2
Human Diseases,Infectious disease: viral,mcf05166,Human T-cell leukemia virus 1 infection - Macaca fascicularis (crab-eating macaque),4/150,234/10948,0.017094017094017096,1.2476353276353278,0.45130093768559265,0.39960454794438804,0.5961515762720195,0.4880773139069167,101866870/102118376/102127060/101866246,4
Organismal Systems,Environmental adaptation,mcf04713,Circadian entrainment - Macaca fascicularis (crab-eating macaque),2/150,101/10948,0.019801980198019802,1.4452805280528054,0.5298599544687415,0.40408239874948815,0.5961515762720195,0.4880773139069167,101865389/102135875,2
Human Diseases,Cancer: overview,mcf05231,Choline metabolism in cancer - Macaca fascicularis (crab-eating macaque),2/150,101/10948,0.019801980198019802,1.4452805280528054,0.5298599544687415,0.40408239874948815,0.5961515762720195,0.4880773139069167,102135875/101866246,2
Cellular Processes,Cell growth and death,mcf04217,Necroptosis - Macaca fascicularis (crab-eating macaque),3/150,168/10948,0.017857142857142856,1.3033333333333332,0.46696778971829894,0.4055785276770194,0.5961515762720195,0.4880773139069167,102116769/101925205/102127060,3
Cellular Processes,Cell growth and death,mcf04218,Cellular senescence - Macaca fascicularis (crab-eating macaque),3/150,168/10948,0.017857142857142856,1.3033333333333332,0.46696778971829894,0.4055785276770194,0.5961515762720195,0.4880773139069167,101865389/102116823/101866246,3
Human Diseases,Cancer: specific types,mcf05216,Thyroid cancer - Macaca fascicularis (crab-eating macaque),1/150,38/10948,0.02631578947368421,1.920701754385965,0.6700696086154431,0.4085255077585017,0.5961515762720195,0.4880773139069167,101925252,1
Human Diseases,Cancer: specific types,mcf05225,Hepatocellular carcinoma - Macaca fascicularis (crab-eating macaque),3/150,169/10948,0.01775147928994083,1.2956213017751481,0.4564690837004008,0.4092627884724579,0.5961515762720195,0.4880773139069167,102142777/102135875/101866246,3
Environmental Information Processing,Signal transduction,mcf04151,PI3K-Akt signaling pathway - Macaca fascicularis (crab-eating macaque),6/150,379/10948,0.0158311345646438,1.155461741424802,0.3630343430496719,0.41858962351266815,0.6062332478459332,0.4963313140259102,102126233/102116460/102135875/102124214/101866246/102119413,6
Metabolism,Carbohydrate metabolism,mcf00051,Fructose and mannose metabolism - Macaca fascicularis (crab-eating macaque),1/150,40/10948,0.025,1.8246666666666667,0.6158251178115709,0.4246786291341377,0.6090095109533233,0.49860427797348106,102145864,1
Human Diseases,Infectious disease: parasitic,mcf05142,Chagas disease - Macaca fascicularis (crab-eating macaque),2/150,106/10948,0.018867924528301886,1.3771069182389937,0.4598161893944254,0.42788176433789116,0.6090095109533233,0.49860427797348106,102128596/101866246,2
Human Diseases,Infectious disease: bacterial,mcf05150,Staphylococcus aureus infection - Macaca fascicularis (crab-eating macaque),2/150,106/10948,0.018867924528301886,1.3771069182389937,0.4598161893944254,0.42788176433789116,0.6090095109533233,0.49860427797348106,102137207/101866929,2
Human Diseases,Endocrine and metabolic disease,mcf04931,Insulin resistance - Macaca fascicularis (crab-eating macaque),2/150,107/10948,0.018691588785046728,1.3642367601246104,0.44623385657927045,0.43258278810512907,0.6090095109533233,0.49860427797348106,101865279/101866246,2
Human Diseases,Infectious disease: parasitic,mcf05143,African trypanosomiasis - Macaca fascicularis (crab-eating macaque),1/150,41/10948,0.024390243902439025,1.7801626016260166,0.5898558984660445,0.4325900891295431,0.6090095109533233,0.49860427797348106,102135875,1
Human Diseases,Infectious disease: viral,mcf05163,Human cytomegalovirus infection - Macaca fascicularis (crab-eating macaque),4/150,246/10948,0.016260162601626018,1.1867750677506776,0.34920102503541056,0.43662968178172556,0.6112815544944158,0.5004644305802235,101865389/101865630/102135875/101866246,4
Environmental Information Processing,Signal transduction,mcf04350,TGF-beta signaling pathway - Macaca fascicularis (crab-eating macaque),2/150,109/10948,0.01834862385321101,1.339204892966361,0.4194713232651728,0.4419232095594906,0.6152743028121085,0.5037333473315508,101925549/101865630,2
Environmental Information Processing,Signal transduction,mcf04630,JAK-STAT signaling pathway - Macaca fascicularis (crab-eating macaque),3/150,179/10948,0.01675977653631285,1.2232402234636872,0.354921903945701,0.4456956651526168,0.6171170748267002,0.5052420495657195,102133910/102127060/101866246,3
Metabolism,Lipid metabolism,mcf00071,Fatty acid degradation - Macaca fascicularis (crab-eating macaque),1/150,44/10948,0.022727272727272728,1.6587878787878787,0.5160604107320665,0.45568184760747343,0.6198673526634593,0.5074937390227153,102142372,1
Cellular Processes,Cell growth and death,mcf04216,Ferroptosis - Macaca fascicularis (crab-eating macaque),1/150,44/10948,0.022727272727272728,1.6587878787878787,0.5160604107320665,0.45568184760747343,0.6198673526634593,0.5074937390227153,101926188,1
Human Diseases,Cardiovascular disease,mcf05414,Dilated cardiomyopathy - Macaca fascicularis (crab-eating macaque),2/150,113/10948,0.017699115044247787,1.2917994100294985,0.36747745536924786,0.4603489056454506,0.6198673526634593,0.5074937390227153,101925252/102119413,2
Metabolism,Amino acid metabolism,mcf00260,"Glycine, serine and threonine metabolism - Macaca fascicularis (crab-eating macaque)",1/150,45/10948,0.022222222222222223,1.621925925925926,0.49271233991938485,0.4631697165417067,0.6198673526634593,0.5074937390227153,102138299,1
Metabolism,Amino acid metabolism,mcf00380,Tryptophan metabolism - Macaca fascicularis (crab-eating macaque),1/150,45/10948,0.022222222222222223,1.621925925925926,0.49271233991938485,0.4631697165417067,0.6198673526634593,0.5074937390227153,102142372,1
Metabolism,Glycan biosynthesis and metabolism,mcf00513,Various types of N-glycan biosynthesis - Macaca fascicularis (crab-eating macaque),1/150,45/10948,0.022222222222222223,1.621925925925926,0.49271233991938485,0.4631697165417067,0.6198673526634593,0.5074937390227153,102142506,1
Organismal Systems,Endocrine system,mcf04922,Glucagon signaling pathway - Macaca fascicularis (crab-eating macaque),2/150,114/10948,0.017543859649122806,1.2804678362573099,0.3547828360792352,0.4649005144975945,0.6198673526634593,0.5074937390227153,101865389/101865279,2
Metabolism,Glycan biosynthesis and metabolism,mcf00514,Other types of O-glycan biosynthesis - Macaca fascicularis (crab-eating macaque),1/150,46/10948,0.021739130434782608,1.5866666666666667,0.46993605535305016,0.4705552565324197,0.6209956343474188,0.5084174784130915,102130237,1
Human Diseases,Infectious disease: viral,mcf05164,Influenza A - Macaca fascicularis (crab-eating macaque),3/150,186/10948,0.016129032258064516,1.1772043010752686,0.2872802460369211,0.47067526254109915,0.6209956343474188,0.5084174784130915,101865515/102135875/101866246,3
Organismal Systems,Nervous system,mcf04726,Serotonergic synapse - Macaca fascicularis (crab-eating macaque),2/150,117/10948,0.017094017094017096,1.2476353276353278,0.3173896651495856,0.47841969239583826,0.6279258462695377,0.514091336127107,101865389/102135875,2
NA,NA,mcf03272,Virion - Hepatitis viruses - Macaca fascicularis (crab-eating macaque),1/150,48/10948,0.020833333333333332,1.5205555555555554,0.42598664367101696,0.48502488761288354,0.6332967444479101,0.5184885627058913,102142022,1
Metabolism,Amino acid metabolism,mcf00330,Arginine and proline metabolism - Macaca fascicularis (crab-eating macaque),1/150,52/10948,0.019230769230769232,1.4035897435897438,0.3438189205910985,0.5127960845930106,0.6661062542136015,0.5453501496485625,102138299,1
Human Diseases,Infectious disease: viral,mcf05168,Herpes simplex virus 1 infection - Macaca fascicularis (crab-eating macaque),3/150,200/10948,0.015,1.0948,0.1594707487323387,0.5190511661746834,0.6707738147488217,0.5491715442388013,102140498/102128596/101866246,3
Cellular Processes,Cell growth and death,mcf04114,Oocyte meiosis - Macaca fascicularis (crab-eating macaque),2/150,129/10948,0.015503875968992248,1.1315762273901808,0.17717410668476474,0.5303638687816762,0.6803145484861464,0.5569826712752076,101865389/101866870,2
Environmental Information Processing,Signal transduction,mcf04340,Hedgehog signaling pathway - Macaca fascicularis (crab-eating macaque),1/150,55/10948,0.01818181818181818,1.3270303030303028,0.2865610215581358,0.5326434588576024,0.6803145484861464,0.5569826712752076,102141861,1
Environmental Information Processing,Signal transduction,mcf04068,FoxO signaling pathway - Macaca fascicularis (crab-eating macaque),2/150,130/10948,0.015384615384615385,1.122871794871795,0.1661008737331093,0.5345328595248293,0.6803145484861464,0.5569826712752076,101865279/101866246,2
Metabolism,Glycan biosynthesis and metabolism,mcf00510,N-Glycan biosynthesis - Macaca fascicularis (crab-eating macaque),1/150,57/10948,0.017543859649122806,1.2804678362573099,0.2502120031817281,0.5454267107805861,0.6871797800891881,0.5626033287279903,102142506,1
Metabolism,Nucleotide metabolism,mcf00230,Purine metabolism - Macaca fascicularis (crab-eating macaque),2/150,134/10948,0.014925373134328358,1.0893532338308456,0.12265662724166472,0.5509562880057439,0.6871797800891881,0.5626033287279903,102114976/102139503,2
Organismal Systems,Endocrine system,mcf04923,Regulation of lipolysis in adipocytes - Macaca fascicularis (crab-eating macaque),1/150,58/10948,0.017241379310344827,1.2583908045977013,0.23254051940973247,0.5516874759429138,0.6871797800891881,0.5626033287279903,101866246,1
Human Diseases,Cancer: specific types,mcf05213,Endometrial cancer - Macaca fascicularis (crab-eating macaque),1/150,58/10948,0.017241379310344827,1.2583908045977013,0.23254051940973247,0.5516874759429138,0.6871797800891881,0.5626033287279903,101866246,1
Metabolism,Nucleotide metabolism,mcf00240,Pyrimidine metabolism - Macaca fascicularis (crab-eating macaque),1/150,59/10948,0.01694915254237288,1.2370621468926553,0.21518685935092213,0.5578625795800638,0.6871797800891881,0.5626033287279903,102114976,1
Metabolism,Metabolism of other amino acids,mcf00480,Glutathione metabolism - Macaca fascicularis (crab-eating macaque),1/150,59/10948,0.01694915254237288,1.2370621468926553,0.21518685935092213,0.5578625795800638,0.6871797800891881,0.5626033287279903,123566737,1
Organismal Systems,Nervous system,mcf04728,Dopaminergic synapse - Macaca fascicularis (crab-eating macaque),2/150,136/10948,0.014705882352941176,1.0733333333333333,0.10142368574061533,0.5590152972947761,0.6871797800891881,0.5626033287279903,101865389/102135875,2
Genetic Information Processing,Replication and repair,mcf03420,Nucleotide excision repair - Macaca fascicularis (crab-eating macaque),1/150,60/10948,0.016666666666666666,1.2164444444444444,0.19813880491784827,0.5639531859776199,0.6898844799337874,0.5648177028697676,102125306,1
Metabolism,Amino acid metabolism,mcf00310,Lysine degradation - Macaca fascicularis (crab-eating macaque),1/150,62/10948,0.016129032258064516,1.1772043010752686,0.16491397718346618,0.5758854858113969,0.701077982726918,0.5739819741623889,102142372,1
Environmental Information Processing,Signal transduction,mcf04330,Notch signaling pathway - Macaca fascicularis (crab-eating macaque),1/150,63/10948,0.015873015873015872,1.1585185185185185,0.1487159637539755,0.5817294300634904,0.7014153893588497,0.5742582135101694,101867205,1
Human Diseases,Infectious disease: bacterial,mcf05134,Legionellosis - Macaca fascicularis (crab-eating macaque),1/150,63/10948,0.015873015873015872,1.1585185185185185,0.1487159637539755,0.5817294300634904,0.7014153893588497,0.5742582135101694,101864872,1
NA,NA,mcf04081,Hormone signaling - Macaca fascicularis (crab-eating macaque),3/150,224/10948,0.013392857142857142,0.9775,-0.04010048743284776,0.5961203642201834,0.7083146372500672,0.5799067205556105,101865630/102127060/101866246,3
Human Diseases,Cancer: specific types,mcf05224,Breast cancer - Macaca fascicularis (crab-eating macaque),2/150,146/10948,0.0136986301369863,0.9998173515981735,-2.618555269374707e-4,0.5977652431356402,0.7083146372500672,0.5799067205556105,102142777/101866246,2
Human Diseases,Cancer: specific types,mcf05226,Gastric cancer - Macaca fascicularis (crab-eating macaque),2/150,147/10948,0.013605442176870748,0.9930158730158729,-0.010047553754981828,0.6014978718021742,0.7083146372500672,0.5799067205556105,102142777/101866246,2
Environmental Information Processing,Signal transduction,mcf04024,cAMP signaling pathway - Macaca fascicularis (crab-eating macaque),3/150,226/10948,0.01327433628318584,0.9688495575221239,-0.05577018243133175,0.6021742342080911,0.7083146372500672,0.5799067205556105,102124503/101865630/101866246,3
Metabolism,Lipid metabolism,mcf00590,Arachidonic acid metabolism - Macaca fascicularis (crab-eating macaque),1/150,67/10948,0.014925373134328358,1.0893532338308456,0.0864638954988642,0.604316059558589,0.7083146372500672,0.5799067205556105,102116692,1
Organismal Systems,Endocrine system,mcf04927,Cortisol synthesis and secretion - Macaca fascicularis (crab-eating macaque),1/150,67/10948,0.014925373134328358,1.0893532338308456,0.0864638954988642,0.604316059558589,0.7083146372500672,0.5799067205556105,101865389,1
Organismal Systems,Digestive system,mcf04978,Mineral absorption - Macaca fascicularis (crab-eating macaque),1/150,69/10948,0.014492753623188406,1.0577777777777777,0.05674301633079291,0.615150758311102,0.7134572722849373,0.5841170650286036,102124503,1
Human Diseases,Cancer: specific types,mcf05211,Renal cell carcinoma - Macaca fascicularis (crab-eating macaque),1/150,70/10948,0.014285714285714285,1.0426666666666666,0.04220702432950787,0.6204570719661561,0.7134572722849373,0.5841170650286036,101866246,1
Human Diseases,Cancer: specific types,mcf05218,Melanoma - Macaca fascicularis (crab-eating macaque),1/150,70/10948,0.014285714285714285,1.0426666666666666,0.04220702432950787,0.6204570719661561,0.7134572722849373,0.5841170650286036,101866246,1
Genetic Information Processing,Information processing in viruses,mcf03250,Viral life cycle - HIV-1 - Macaca fascicularis (crab-eating macaque),1/150,71/10948,0.014084507042253521,1.027981220657277,0.027878075723087523,0.6256907030752823,0.7134572722849373,0.5841170650286036,102142022,1
Organismal Systems,Endocrine system,mcf04920,Adipocytokine signaling pathway - Macaca fascicularis (crab-eating macaque),1/150,71/10948,0.014084507042253521,1.027981220657277,0.027878075723087523,0.6256907030752823,0.7134572722849373,0.5841170650286036,101865279,1
Human Diseases,Substance dependence,mcf05031,Amphetamine addiction - Macaca fascicularis (crab-eating macaque),1/150,71/10948,0.014084507042253521,1.027981220657277,0.027878075723087523,0.6256907030752823,0.7134572722849373,0.5841170650286036,102135875,1
Human Diseases,Immune disease,mcf05322,Systemic lupus erythematosus - Macaca fascicularis (crab-eating macaque),2/150,156/10948,0.01282051282051282,0.9357264957264958,-0.09529384194901364,0.6339262211095085,0.7195919266648474,0.5891395890823312,102137207/102127552,2
Organismal Systems,Endocrine system,mcf04924,Renin secretion - Macaca fascicularis (crab-eating macaque),1/150,74/10948,0.013513513513513514,0.9863063063063064,-0.013930391810395315,0.6409653241629303,0.7243195591437598,0.593010165380856,101865389,1
Cellular Processes,Cell growth and death,mcf04110,Cell cycle - Macaca fascicularis (crab-eating macaque),2/150,160/10948,0.0125,0.9123333333333333,-0.13165748152210868,0.6476686691411873,0.7253889094381298,0.5938856568499308,102136756/101866870,2
Cellular Processes,Transport and catabolism,mcf04148,Efferocytosis - Macaca fascicularis (crab-eating macaque),2/150,160/10948,0.0125,0.9123333333333333,-0.13165748152210868,0.6476686691411873,0.7253889094381298,0.5938856568499308,101866098/102133910,2
Organismal Systems,Endocrine system,mcf03320,PPAR signaling pathway - Macaca fascicularis (crab-eating macaque),1/150,77/10948,0.012987012987012988,0.9478787878787879,-0.05409369509490765,0.6556206128339943,0.7298853075737879,0.5975669184814637,101925320,1
Metabolism,Carbohydrate metabolism,mcf00010,Glycolysis / Gluconeogenesis - Macaca fascicularis (crab-eating macaque),1/150,78/10948,0.01282051282051282,0.9357264957264958,-0.06714072633067267,0.660372421138189,0.7298853075737879,0.5975669184814637,102145864,1
Human Diseases,Drug resistance: antineoplastic,mcf01524,Platinum drug resistance - Macaca fascicularis (crab-eating macaque),1/150,78/10948,0.01282051282051282,0.9357264957264958,-0.06714072633067267,0.660372421138189,0.7298853075737879,0.5975669184814637,101866246,1
Human Diseases,Infectious disease: viral,mcf05160,Hepatitis C - Macaca fascicularis (crab-eating macaque),2/150,168/10948,0.011904761904761904,0.8688888888888887,-0.20183955746065677,0.6739321180474818,0.7387331469887845,0.6048107636165488,102128596/101866246,2
Cellular Processes,Cell growth and death,mcf04115,p53 signaling pathway - Macaca fascicularis (crab-eating macaque),1/150,81/10948,0.012345679012345678,0.9010699588477366,-0.10532643690185878,0.6742405706643668,0.7387331469887845,0.6048107636165488,102144301,1
Organismal Systems,Digestive system,mcf04976,Bile secretion - Macaca fascicularis (crab-eating macaque),1/150,84/10948,0.011904761904761904,0.8688888888888887,-0.14216928832855913,0.6875460580522097,0.7500502451478651,0.6140762240976674,102124503,1
Metabolism,Global and overview maps,mcf01232,Nucleotide metabolism - Macaca fascicularis (crab-eating macaque),1/150,89/10948,0.011235955056179775,0.8200749063670412,-0.20086920056231655,0.7085327017130933,0.7696131070331876,0.6300926022493933,102114976,1
Organismal Systems,Nervous system,mcf04727,GABAergic synapse - Macaca fascicularis (crab-eating macaque),1/150,90/10948,0.011111111111111112,0.810962962962963,-0.21223390483796506,0.7125588638590585,0.7706645222853338,0.630953410058168,102135875,1
Organismal Systems,Immune system,mcf04658,Th1 and Th2 cell differentiation - Macaca fascicularis (crab-eating macaque),1/150,91/10948,0.01098901098901099,0.8020512820512822,-0.22348068690080836,0.7165297765889482,0.771647451711175,0.6317581475997924,102127060,1
Human Diseases,Infectious disease: viral,mcf05165,Human papillomavirus infection - Macaca fascicularis (crab-eating macaque),4/150,354/10948,0.011299435028248588,0.8247080979284369,-0.395143668265619,0.7197236633852209,0.7717887794598964,0.6318738545285701,102126233/101926423/101866246/102119413,4
Organismal Systems,Endocrine system,mcf04916,Melanogenesis - Macaca fascicularis (crab-eating macaque),1/150,103/10948,0.009708737864077669,0.7086084142394822,-0.35018889357149213,0.7601354809945222,0.8116700898755068,0.6645252197811168,102135875,1
Human Diseases,Immune disease,mcf05323,Rheumatoid arthritis - Macaca fascicularis (crab-eating macaque),1/150,104/10948,0.009615384615384616,0.7017948717948719,-0.3601293771482924,0.7634531091965344,0.8117729262342896,0.6646094132912315,101926423,1
Environmental Information Processing,Signaling molecules and interaction,mcf04061,Viral protein interaction with cytokine and cytokine receptor - Macaca fascicularis (crab-eating macaque),1/150,105/10948,0.009523809523809525,0.6951111111111112,-0.3699840867995541,0.7667251521346125,0.8118266316719426,0.6646533826553916,102124214,1
Human Diseases,Cancer: specific types,mcf05215,Prostate cancer - Macaca fascicularis (crab-eating macaque),1/150,106/10948,0.009433962264150943,0.6885534591194968,-0.37975479817898516,0.7699522320183909,0.8118324789482616,0.6646581698991616,101866246,1
Organismal Systems,Immune system,mcf04659,Th17 cell differentiation - Macaca fascicularis (crab-eating macaque),1/150,108/10948,0.009259259259259259,0.6758024691358024,-0.3990510579383853,0.7762739493944111,0.8150876468641317,0.6673232196548448,102127060,1
Cellular Processes,Transport and catabolism,mcf04137,Mitophagy - animal - Macaca fascicularis (crab-eating macaque),1/150,112/10948,0.008928571428571428,0.6516666666666666,-0.43670792770349964,0.7884042821527754,0.8243895398443959,0.6749388045509673,101864872,1
Human Diseases,Cancer: overview,mcf05202,Transcriptional misregulation in cancer - Macaca fascicularis (crab-eating macaque),2/150,217/10948,0.009216589861751152,0.6726881720430108,-0.5739750255282436,0.8018495060395304,0.834983783148602,0.6836124540397911,101925549/102124214,2
Organismal Systems,Digestive system,mcf04974,Protein digestion and absorption - Macaca fascicularis (crab-eating macaque),1/150,118/10948,0.00847457627118644,0.6185310734463276,-0.4910293702143,0.8053853750425071,0.8352144630070443,0.6838013147426095,102124503,1
Metabolism,Global and overview maps,mcf01200,Carbon metabolism - Macaca fascicularis (crab-eating macaque),1/150,126/10948,0.007936507936507936,0.5792592592592593,-0.5598447397582558,0.8259387633302995,0.8530187227837519,0.6983779016942998,102145864,1
Cellular Processes,Cellular community - eukaryotes,mcf04550,Signaling pathways regulating pluripotency of stem cells - Macaca fascicularis (crab-eating macaque),1/150,145/10948,0.006896551724137931,0.5033563218390804,-0.7095422351535008,0.8665148502931932,0.8912724174444272,0.7296967160363733,101866246,1
Environmental Information Processing,Signal transduction,mcf04020,Calcium signaling pathway - Macaca fascicularis (crab-eating macaque),2/150,259/10948,0.007722007722007722,0.5636036036036036,-0.8376913408395551,0.8740203823657264,0.8953379526673295,0.7330252244060008,101865389/102135875,2
Human Diseases,Endocrine and metabolic disease,mcf04934,Cushing syndrome - Macaca fascicularis (crab-eating macaque),1/150,157/10948,0.006369426751592357,0.4648832271762208,-0.7959560181545418,0.887143603888483,0.905101976436833,0.7410191619950679,101865389,1
Environmental Information Processing,Signaling molecules and interaction,mcf04514,Cell adhesion molecules - Macaca fascicularis (crab-eating macaque),1/150,169/10948,0.005917159763313609,0.43187376725838267,-0.8772441611226546,0.9046023414914199,0.9191927018380557,0.7525554284054259,101867493,1
NA,NA,mcf04082,Neuroactive ligand signaling - Macaca fascicularis (crab-eating macaque),1/150,199/10948,0.005025125628140704,0.3667671691792295,-1.0624963752925578,0.9373807338140518,0.9486744775949439,0.7766925547560946,102135875,1
Human Diseases,Substance dependence,mcf05034,Alcoholism - Macaca fascicularis (crab-eating macaque),1/150,207/10948,0.004830917874396135,0.35259259259259257,-1.1083119236748247,0.944041432250788,0.9515937637087942,0.7790826135627557,102142777,1
Environmental Information Processing,Signaling molecules and interaction,mcf04060,Cytokine-cytokine receptor interaction - Macaca fascicularis (crab-eating macaque),1/150,311/10948,0.003215434083601286,0.23468381564844587,-1.6137380507553931,0.9871301463882033,0.9908655395684498,0.8112349446759239,102124214,1
Genetic Information Processing,Translation,mcf00970,Aminoacyl-tRNA biosynthesis - Macaca fascicularis (crab-eating macaque),2/150,480/10948,0.004166666666666667,0.3041111111111111,-1.8375966521743294,0.9908655395684498,0.9908655395684498,0.8112349446759239,101866943/101925776,2
